first,best
129809,132885
129809,130431
129809,132738
129809,131685
129809,133477
129809,133332
129809,131726
129809,130797
129809,130067
129809,133962
128481,132885
128481,130431
128481,132738
128481,131685
128481,133477
128481,133332
128481,131726
128481,130797
128481,130067
128481,133962
129160,132885
129160,130431
129160,132738
129160,131685
129160,133477
129160,133332
129160,131726
129160,130797
129160,130067
129160,133962
132892,132885
132892,130431
132892,132738
132892,131685
132892,133477
132892,133332
132892,131726
132892,130797
132892,130067
132892,133962
129703,132885
129703,130431
129703,132738
129703,131685
129703,133477
129703,133332
129703,131726
129703,130797
129703,130067
129703,133962
130858,132885
130858,130431
130858,132738
130858,131685
130858,133477
130858,133332
130858,131726
130858,130797
130858,130067
130858,133962
131276,132885
131276,130431
131276,132738
131276,131685
131276,133477
131276,133332
131276,131726
131276,130797
131276,130067
131276,133962
130306,132885
130306,130431
130306,132738
130306,131685
130306,133477
130306,133332
130306,131726
130306,130797
130306,130067
130306,133962
130203,132885
130203,130431
130203,132738
130203,131685
130203,133477
130203,133332
130203,131726
130203,130797
130203,130067
130203,133962
131722,132885
131722,130431
131722,132738
131722,131685
131722,133477
131722,133332
131722,131726
131722,130797
131722,130067
131722,133962
123157,123331
123157,126500
123157,125035
123157,123496
123157,123990
123157,124330
123157,125615
123157,127253
123157,125671
123157,127283
121718,123331
121718,126500
121718,125035
121718,123496
121718,123990
121718,124330
121718,125615
121718,127253
121718,125671
121718,127283
123373,123331
123373,126500
123373,125035
123373,123496
123373,123990
123373,124330
123373,125615
123373,127253
123373,125671
123373,127283
120701,123331
120701,126500
120701,125035
120701,123496
120701,123990
120701,124330
120701,125615
120701,127253
120701,125671
120701,127283
123867,123331
123867,126500
123867,125035
123867,123496
123867,123990
123867,124330
123867,125615
123867,127253
123867,125671
123867,127283
124602,123331
124602,126500
124602,125035
124602,123496
124602,123990
124602,124330
124602,125615
124602,127253
124602,125671
124602,127283
122718,123331
122718,126500
122718,125035
122718,123496
122718,123990
122718,124330
122718,125615
122718,127253
122718,125671
122718,127283
123435,123331
123435,126500
123435,125035
123435,123496
123435,123990
123435,124330
123435,125615
123435,127253
123435,125671
123435,127283
122857,123331
122857,126500
122857,125035
122857,123496
122857,123990
122857,124330
122857,125615
122857,127253
122857,125671
122857,127283
121456,123331
121456,126500
121456,125035
121456,123496
121456,123990
121456,124330
121456,125615
121456,127253
121456,125671
121456,127283
121008,121699
121008,121576
121008,123746
121008,122789
121008,121044
121008,122843
121008,125543
121008,123696
121008,122674
121008,120762
121522,121699
121522,121576
121522,123746
121522,122789
121522,121044
121522,122843
121522,125543
121522,123696
121522,122674
121522,120762
120873,121699
120873,121576
120873,123746
120873,122789
120873,121044
120873,122843
120873,125543
120873,123696
120873,122674
120873,120762
119804,121699
119804,121576
119804,123746
119804,122789
119804,121044
119804,122843
119804,125543
119804,123696
119804,122674
119804,120762
120356,121699
120356,121576
120356,123746
120356,122789
120356,121044
120356,122843
120356,125543
120356,123696
120356,122674
120356,120762
123238,121699
123238,121576
123238,123746
123238,122789
123238,121044
123238,122843
123238,125543
123238,123696
123238,122674
123238,120762
123803,121699
123803,121576
123803,123746
123803,122789
123803,121044
123803,122843
123803,125543
123803,123696
123803,122674
123803,120762
119997,121699
119997,121576
119997,123746
119997,122789
119997,121044
119997,122843
119997,125543
119997,123696
119997,122674
119997,120762
119604,121699
119604,121576
119604,123746
119604,122789
119604,121044
119604,122843
119604,125543
119604,123696
119604,122674
119604,120762
121228,121699
121228,121576
121228,123746
121228,122789
121228,121044
121228,122843
121228,125543
121228,123696
121228,122674
121228,120762
123907,128081
123907,128328
123907,125210
123907,127375
123907,125631
123907,127135
123907,125511
123907,125780
123907,125579
123907,125223
125137,128081
125137,128328
125137,125210
125137,127375
125137,125631
125137,127135
125137,125511
125137,125780
125137,125579
125137,125223
125598,128081
125598,128328
125598,125210
125598,127375
125598,125631
125598,127135
125598,125511
125598,125780
125598,125579
125598,125223
126093,128081
126093,128328
126093,125210
126093,127375
126093,125631
126093,127135
126093,125511
126093,125780
126093,125579
126093,125223
126347,128081
126347,128328
126347,125210
126347,127375
126347,125631
126347,127135
126347,125511
126347,125780
126347,125579
126347,125223
123949,128081
123949,128328
123949,125210
123949,127375
123949,125631
123949,127135
123949,125511
123949,125780
123949,125579
123949,125223
124586,128081
124586,128328
124586,125210
124586,127375
124586,125631
124586,127135
124586,125511
124586,125780
124586,125579
124586,125223
125640,128081
125640,128328
125640,125210
125640,127375
125640,125631
125640,127135
125640,125511
125640,125780
125640,125579
125640,125223
125020,128081
125020,128328
125020,125210
125020,127375
125020,125631
125020,127135
125020,125511
125020,125780
125020,125579
125020,125223
124201,128081
124201,128328
124201,125210
124201,127375
124201,125631
124201,127135
124201,125511
124201,125780
124201,125579
124201,125223
122387,122411
122387,123665
122387,120715
122387,123204
122387,123136
122387,123293
122387,126157
122387,123041
122387,122738
122387,122250
121459,122411
121459,123665
121459,120715
121459,123204
121459,123136
121459,123293
121459,126157
121459,123041
121459,122738
121459,122250
124212,122411
124212,123665
124212,120715
124212,123204
124212,123136
124212,123293
124212,126157
124212,123041
124212,122738
124212,122250
121948,122411
121948,123665
121948,120715
121948,123204
121948,123136
121948,123293
121948,126157
121948,123041
121948,122738
121948,122250
121908,122411
121908,123665
121908,120715
121908,123204
121908,123136
121908,123293
121908,126157
121908,123041
121908,122738
121908,122250
122320,122411
122320,123665
122320,120715
122320,123204
122320,123136
122320,123293
122320,126157
122320,123041
122320,122738
122320,122250
121521,122411
121521,123665
121521,120715
121521,123204
121521,123136
121521,123293
121521,126157
121521,123041
121521,122738
121521,122250
120990,122411
120990,123665
120990,120715
120990,123204
120990,123136
120990,123293
120990,126157
120990,123041
120990,122738
120990,122250
123809,122411
123809,123665
123809,120715
123809,123204
123809,123136
123809,123293
123809,126157
123809,123041
123809,122738
123809,122250
121604,122411
121604,123665
121604,120715
121604,123204
121604,123136
121604,123293
121604,126157
121604,123041
121604,122738
121604,122250
124045,124701
124045,124639
124045,125068
124045,124759
124045,125078
124045,125987
124045,127175
124045,125068
124045,124215
124045,126689
124617,124701
124617,124639
124617,125068
124617,124759
124617,125078
124617,125987
124617,127175
124617,125068
124617,124215
124617,126689
123738,124701
123738,124639
123738,125068
123738,124759
123738,125078
123738,125987
123738,127175
123738,125068
123738,124215
123738,126689
123763,124701
123763,124639
123763,125068
123763,124759
123763,125078
123763,125987
123763,127175
123763,125068
123763,124215
123763,126689
123659,124701
123659,124639
123659,125068
123659,124759
123659,125078
123659,125987
123659,127175
123659,125068
123659,124215
123659,126689
124176,124701
124176,124639
124176,125068
124176,124759
124176,125078
124176,125987
124176,127175
124176,125068
124176,124215
124176,126689
123765,124701
123765,124639
123765,125068
123765,124759
123765,125078
123765,125987
123765,127175
123765,125068
123765,124215
123765,126689
124272,124701
124272,124639
124272,125068
124272,124759
124272,125078
124272,125987
124272,127175
124272,125068
124272,124215
124272,126689
124181,124701
124181,124639
124181,125068
124181,124759
124181,125078
124181,125987
124181,127175
124181,125068
124181,124215
124181,126689
123665,124701
123665,124639
123665,125068
123665,124759
123665,125078
123665,125987
123665,127175
123665,125068
123665,124215
123665,126689
128311,126981
128311,127470
128311,127983
128311,128148
128311,127810
128311,126883
128311,127105
128311,127459
128311,128301
128311,128375
126248,126981
126248,127470
126248,127983
126248,128148
126248,127810
126248,126883
126248,127105
126248,127459
126248,128301
126248,128375
128312,126981
128312,127470
128312,127983
128312,128148
128312,127810
128312,126883
128312,127105
128312,127459
128312,128301
128312,128375
126447,126981
126447,127470
126447,127983
126447,128148
126447,127810
126447,126883
126447,127105
126447,127459
126447,128301
126447,128375
126765,126981
126765,127470
126765,127983
126765,128148
126765,127810
126765,126883
126765,127105
126765,127459
126765,128301
126765,128375
127348,126981
127348,127470
127348,127983
127348,128148
127348,127810
127348,126883
127348,127105
127348,127459
127348,128301
127348,128375
127613,126981
127613,127470
127613,127983
127613,128148
127613,127810
127613,126883
127613,127105
127613,127459
127613,128301
127613,128375
127143,126981
127143,127470
127143,127983
127143,128148
127143,127810
127143,126883
127143,127105
127143,127459
127143,128301
127143,128375
128299,126981
128299,127470
128299,127983
128299,128148
128299,127810
128299,126883
128299,127105
128299,127459
128299,128301
128299,128375
125910,126981
125910,127470
125910,127983
125910,128148
125910,127810
125910,126883
125910,127105
125910,127459
125910,128301
125910,128375
125820,126438
125820,128229
125820,128655
125820,127355
125820,127198
125820,126969
125820,127140
125820,128401
125820,130237
125820,128932
126596,126438
126596,128229
126596,128655
126596,127355
126596,127198
126596,126969
126596,127140
126596,128401
126596,130237
126596,128932
128297,126438
128297,128229
128297,128655
128297,127355
128297,127198
128297,126969
128297,127140
128297,128401
128297,130237
128297,128932
125842,126438
125842,128229
125842,128655
125842,127355
125842,127198
125842,126969
125842,127140
125842,128401
125842,130237
125842,128932
127250,126438
127250,128229
127250,128655
127250,127355
127250,127198
127250,126969
127250,127140
127250,128401
127250,130237
127250,128932
128008,126438
128008,128229
128008,128655
128008,127355
128008,127198
128008,126969
128008,127140
128008,128401
128008,130237
128008,128932
125515,126438
125515,128229
125515,128655
125515,127355
125515,127198
125515,126969
125515,127140
125515,128401
125515,130237
125515,128932
126742,126438
126742,128229
126742,128655
126742,127355
126742,127198
126742,126969
126742,127140
126742,128401
126742,130237
126742,128932
127560,126438
127560,128229
127560,128655
127560,127355
127560,127198
127560,126969
127560,127140
127560,128401
127560,130237
127560,128932
126554,126438
126554,128229
126554,128655
126554,127355
126554,127198
126554,126969
126554,127140
126554,128401
126554,130237
126554,128932
125145,126297
125145,125336
125145,126672
125145,126811
125145,127106
125145,126471
125145,124800
125145,127651
125145,126595
125145,126734
126368,126297
126368,125336
126368,126672
126368,126811
126368,127106
126368,126471
126368,124800
126368,127651
126368,126595
126368,126734
124315,126297
124315,125336
124315,126672
124315,126811
124315,127106
124315,126471
124315,124800
124315,127651
124315,126595
124315,126734
126080,126297
126080,125336
126080,126672
126080,126811
126080,127106
126080,126471
126080,124800
126080,127651
126080,126595
126080,126734
125109,126297
125109,125336
125109,126672
125109,126811
125109,127106
125109,126471
125109,124800
125109,127651
125109,126595
125109,126734
125153,126297
125153,125336
125153,126672
125153,126811
125153,127106
125153,126471
125153,124800
125153,127651
125153,126595
125153,126734
125455,126297
125455,125336
125455,126672
125455,126811
125455,127106
125455,126471
125455,124800
125455,127651
125455,126595
125455,126734
125438,126297
125438,125336
125438,126672
125438,126811
125438,127106
125438,126471
125438,124800
125438,127651
125438,126595
125438,126734
125197,126297
125197,125336
125197,126672
125197,126811
125197,127106
125197,126471
125197,124800
125197,127651
125197,126595
125197,126734
125430,126297
125430,125336
125430,126672
125430,126811
125430,127106
125430,126471
125430,124800
125430,127651
125430,126595
125430,126734
127786,129360
127786,130732
127786,127756
127786,127742
127786,129080
127786,129100
127786,128566
127786,128285
127786,128834
127786,131451
128065,129360
128065,130732
128065,127756
128065,127742
128065,129080
128065,129100
128065,128566
128065,128285
128065,128834
128065,131451
127910,129360
127910,130732
127910,127756
127910,127742
127910,129080
127910,129100
127910,128566
127910,128285
127910,128834
127910,131451
127646,129360
127646,130732
127646,127756
127646,127742
127646,129080
127646,129100
127646,128566
127646,128285
127646,128834
127646,131451
126390,129360
126390,130732
126390,127756
126390,127742
126390,129080
126390,129100
126390,128566
126390,128285
126390,128834
126390,131451
127079,129360
127079,130732
127079,127756
127079,127742
127079,129080
127079,129100
127079,128566
127079,128285
127079,128834
127079,131451
128298,129360
128298,130732
128298,127756
128298,127742
128298,129080
128298,129100
128298,128566
128298,128285
128298,128834
128298,131451
128695,129360
128695,130732
128695,127756
128695,127742
128695,129080
128695,129100
128695,128566
128695,128285
128695,128834
128695,131451
128347,129360
128347,130732
128347,127756
128347,127742
128347,129080
128347,129100
128347,128566
128347,128285
128347,128834
128347,131451
128669,129360
128669,130732
128669,127756
128669,127742
128669,129080
128669,129100
128669,128566
128669,128285
128669,128834
128669,131451
380362,387554
380362,387527
380362,385461
380362,384689
380362,388566
380362,389363
380362,384733
380362,385453
380362,380314
380362,389061
379657,387554
379657,387527
379657,385461
379657,384689
379657,388566
379657,389363
379657,384733
379657,385453
379657,380314
379657,389061
378490,387554
378490,387527
378490,385461
378490,384689
378490,388566
378490,389363
378490,384733
378490,385453
378490,380314
378490,389061
377429,387554
377429,387527
377429,385461
377429,384689
377429,388566
377429,389363
377429,384733
377429,385453
377429,380314
377429,389061
381638,387554
381638,387527
381638,385461
381638,384689
381638,388566
381638,389363
381638,384733
381638,385453
381638,380314
381638,389061
383189,387554
383189,387527
383189,385461
383189,384689
383189,388566
383189,389363
383189,384733
383189,385453
383189,380314
383189,389061
380372,387554
380372,387527
380372,385461
380372,384689
380372,388566
380372,389363
380372,384733
380372,385453
380372,380314
380372,389061
379784,387554
379784,387527
379784,385461
379784,384689
379784,388566
379784,389363
379784,384733
379784,385453
379784,380314
379784,389061
379285,387554
379285,387527
379285,385461
379285,384689
379285,388566
379285,389363
379285,384733
379285,385453
379285,380314
379285,389061
378063,387554
378063,387527
378063,385461
378063,384689
378063,388566
378063,389363
378063,384733
378063,385453
378063,380314
378063,389061
385332,389588
385332,390383
385332,391123
385332,387130
385332,394119
385332,393889
385332,392059
385332,384040
385332,390235
385332,395901
387622,389588
387622,390383
387622,391123
387622,387130
387622,394119
387622,393889
387622,392059
387622,384040
387622,390235
387622,395901
386305,389588
386305,390383
386305,391123
386305,387130
386305,394119
386305,393889
386305,392059
386305,384040
386305,390235
386305,395901
389810,389588
389810,390383
389810,391123
389810,387130
389810,394119
389810,393889
389810,392059
389810,384040
389810,390235
389810,395901
389378,389588
389378,390383
389378,391123
389378,387130
389378,394119
389378,393889
389378,392059
389378,384040
389378,390235
389378,395901
389254,389588
389254,390383
389254,391123
389254,387130
389254,394119
389254,393889
389254,392059
389254,384040
389254,390235
389254,395901
390592,389588
390592,390383
390592,391123
390592,387130
390592,394119
390592,393889
390592,392059
390592,384040
390592,390235
390592,395901
386233,389588
386233,390383
386233,391123
386233,387130
386233,394119
386233,393889
386233,392059
386233,384040
386233,390235
386233,395901
387081,389588
387081,390383
387081,391123
387081,387130
387081,394119
387081,393889
387081,392059
387081,384040
387081,390235
387081,395901
385592,389588
385592,390383
385592,391123
385592,387130
385592,394119
385592,393889
385592,392059
385592,384040
385592,390235
385592,395901
381118,384834
381118,384815
381118,388464
381118,396355
381118,383299
381118,385666
381118,389844
381118,385514
381118,387438
381118,385625
386712,384834
386712,384815
386712,388464
386712,396355
386712,383299
386712,385666
386712,389844
386712,385514
386712,387438
386712,385625
382344,384834
382344,384815
382344,388464
382344,396355
382344,383299
382344,385666
382344,389844
382344,385514
382344,387438
382344,385625
386474,384834
386474,384815
386474,388464
386474,396355
386474,383299
386474,385666
386474,389844
386474,385514
386474,387438
386474,385625
381339,384834
381339,384815
381339,388464
381339,396355
381339,383299
381339,385666
381339,389844
381339,385514
381339,387438
381339,385625
385741,384834
385741,384815
385741,388464
385741,396355
385741,383299
385741,385666
385741,389844
385741,385514
385741,387438
385741,385625
393093,384834
393093,384815
393093,388464
393093,396355
393093,383299
393093,385666
393093,389844
393093,385514
393093,387438
393093,385625
386017,384834
386017,384815
386017,388464
386017,396355
386017,383299
386017,385666
386017,389844
386017,385514
386017,387438
386017,385625
378901,384834
378901,384815
378901,388464
378901,396355
378901,383299
378901,385666
378901,389844
378901,385514
378901,387438
378901,385625
382811,384834
382811,384815
382811,388464
382811,396355
382811,383299
382811,385666
382811,389844
382811,385514
382811,387438
382811,385625
385037,391607
385037,393526
385037,386729
385037,394911
385037,393923
385037,389131
385037,393522
385037,391574
385037,389004
385037,391702
387721,391607
387721,393526
387721,386729
387721,394911
387721,393923
387721,389131
387721,393522
387721,391574
387721,389004
387721,391702
387874,391607
387874,393526
387874,386729
387874,394911
387874,393923
387874,389131
387874,393522
387874,391574
387874,389004
387874,391702
385430,391607
385430,393526
385430,386729
385430,394911
385430,393923
385430,389131
385430,393522
385430,391574
385430,389004
385430,391702
389334,391607
389334,393526
389334,386729
389334,394911
389334,393923
389334,389131
389334,393522
389334,391574
389334,389004
389334,391702
386578,391607
386578,393526
386578,386729
386578,394911
386578,393923
386578,389131
386578,393522
386578,391574
386578,389004
386578,391702
386355,391607
386355,393526
386355,386729
386355,394911
386355,393923
386355,389131
386355,393522
386355,391574
386355,389004
386355,391702
382740,391607
382740,393526
382740,386729
382740,394911
382740,393923
382740,389131
382740,393522
382740,391574
382740,389004
382740,391702
387850,391607
387850,393526
387850,386729
387850,394911
387850,393923
387850,389131
387850,393522
387850,391574
387850,389004
387850,391702
387999,391607
387999,393526
387999,386729
387999,394911
387999,393923
387999,389131
387999,393522
387999,391574
387999,389004
387999,391702
382981,388974
382981,388390
382981,389086
382981,385058
382981,386987
382981,381181
382981,393145
382981,386857
382981,390377
382981,388813
383229,388974
383229,388390
383229,389086
383229,385058
383229,386987
383229,381181
383229,393145
383229,386857
383229,390377
383229,388813
383996,388974
383996,388390
383996,389086
383996,385058
383996,386987
383996,381181
383996,393145
383996,386857
383996,390377
383996,388813
382763,388974
382763,388390
382763,389086
382763,385058
382763,386987
382763,381181
382763,393145
382763,386857
382763,390377
382763,388813
384258,388974
384258,388390
384258,389086
384258,385058
384258,386987
384258,381181
384258,393145
384258,386857
384258,390377
384258,388813
381986,388974
381986,388390
381986,389086
381986,385058
381986,386987
381986,381181
381986,393145
381986,386857
381986,390377
381986,388813
381343,388974
381343,388390
381343,389086
381343,385058
381343,386987
381343,381181
381343,393145
381343,386857
381343,390377
381343,388813
384253,388974
384253,388390
384253,389086
384253,385058
384253,386987
384253,381181
384253,393145
384253,386857
384253,390377
384253,388813
384871,388974
384871,388390
384871,389086
384871,385058
384871,386987
384871,381181
384871,393145
384871,386857
384871,390377
384871,388813
380883,388974
380883,388390
380883,389086
380883,385058
380883,386987
380883,381181
380883,393145
380883,386857
380883,390377
380883,388813
387459,387993
387459,389785
387459,396193
387459,389263
387459,392294
387459,394245
387459,393062
387459,397035
387459,390621
387459,390403
383096,387993
383096,389785
383096,396193
383096,389263
383096,392294
383096,394245
383096,393062
383096,397035
383096,390621
383096,390403
387437,387993
387437,389785
387437,396193
387437,389263
387437,392294
387437,394245
387437,393062
387437,397035
387437,390621
387437,390403
387558,387993
387558,389785
387558,396193
387558,389263
387558,392294
387558,394245
387558,393062
387558,397035
387558,390621
387558,390403
381849,387993
381849,389785
381849,396193
381849,389263
381849,392294
381849,394245
381849,393062
381849,397035
381849,390621
381849,390403
386691,387993
386691,389785
386691,396193
386691,389263
386691,392294
386691,394245
386691,393062
386691,397035
386691,390621
386691,390403
384379,387993
384379,389785
384379,396193
384379,389263
384379,392294
384379,394245
384379,393062
384379,397035
384379,390621
384379,390403
385481,387993
385481,389785
385481,396193
385481,389263
385481,392294
385481,394245
385481,393062
385481,397035
385481,390621
385481,390403
384644,387993
384644,389785
384644,396193
384644,389263
384644,392294
384644,394245
384644,393062
384644,397035
384644,390621
384644,390403
389559,387993
389559,389785
389559,396193
389559,389263
389559,392294
389559,394245
389559,393062
389559,397035
389559,390621
389559,390403
394968,390748
394968,395594
394968,395130
394968,395666
394968,388461
394968,393651
394968,391064
394968,392793
394968,390642
394968,388680
391217,390748
391217,395594
391217,395130
391217,395666
391217,388461
391217,393651
391217,391064
391217,392793
391217,390642
391217,388680
387797,390748
387797,395594
387797,395130
387797,395666
387797,388461
387797,393651
387797,391064
387797,392793
387797,390642
387797,388680
385104,390748
385104,395594
385104,395130
385104,395666
385104,388461
385104,393651
385104,391064
385104,392793
385104,390642
385104,388680
386685,390748
386685,395594
386685,395130
386685,395666
386685,388461
386685,393651
386685,391064
386685,392793
386685,390642
386685,388680
393096,390748
393096,395594
393096,395130
393096,395666
393096,388461
393096,393651
393096,391064
393096,392793
393096,390642
393096,388680
396479,390748
396479,395594
396479,395130
396479,395666
396479,388461
396479,393651
396479,391064
396479,392793
396479,390642
396479,388680
387246,390748
387246,395594
387246,395130
387246,395666
387246,388461
387246,393651
387246,391064
387246,392793
387246,390642
387246,388680
391212,390748
391212,395594
391212,395130
391212,395666
391212,388461
391212,393651
391212,391064
391212,392793
391212,390642
391212,388680
386722,390748
386722,395594
386722,395130
386722,395666
386722,388461
386722,393651
386722,391064
386722,392793
386722,390642
386722,388680
402902,399465
402902,405180
402902,401763
402902,402464
402902,400564
402902,403003
402902,401185
402902,407247
402902,407665
402902,403599
402289,399465
402289,405180
402289,401763
402289,402464
402289,400564
402289,403003
402289,401185
402289,407247
402289,407665
402289,403599
398556,399465
398556,405180
398556,401763
398556,402464
398556,400564
398556,403003
398556,401185
398556,407247
398556,407665
398556,403599
399878,399465
399878,405180
399878,401763
399878,402464
399878,400564
399878,403003
399878,401185
399878,407247
399878,407665
399878,403599
404481,399465
404481,405180
404481,401763
404481,402464
404481,400564
404481,403003
404481,401185
404481,407247
404481,407665
404481,403599
402792,399465
402792,405180
402792,401763
402792,402464
402792,400564
402792,403003
402792,401185
402792,407247
402792,407665
402792,403599
402547,399465
402547,405180
402547,401763
402547,402464
402547,400564
402547,403003
402547,401185
402547,407247
402547,407665
402547,403599
399462,399465
399462,405180
399462,401763
399462,402464
399462,400564
399462,403003
399462,401185
399462,407247
399462,407665
399462,403599
397225,399465
397225,405180
397225,401763
397225,402464
397225,400564
397225,403003
397225,401185
397225,407247
397225,407665
397225,403599
397921,399465
397921,405180
397921,401763
397921,402464
397921,400564
397921,403003
397921,401185
397921,407247
397921,407665
397921,403599
388861,392594
388861,393495
388861,390184
388861,392885
388861,397652
388861,387752
388861,397078
388861,387634
388861,392195
388861,393747
391524,392594
391524,393495
391524,390184
391524,392885
391524,397652
391524,387752
391524,397078
391524,387634
391524,392195
391524,393747
387114,392594
387114,393495
387114,390184
387114,392885
387114,397652
387114,387752
387114,397078
387114,387634
387114,392195
387114,393747
391908,392594
391908,393495
391908,390184
391908,392885
391908,397652
391908,387752
391908,397078
391908,387634
391908,392195
391908,393747
387720,392594
387720,393495
387720,390184
387720,392885
387720,397652
387720,387752
387720,397078
387720,387634
387720,392195
387720,393747
391372,392594
391372,393495
391372,390184
391372,392885
391372,397652
391372,387752
391372,397078
391372,387634
391372,392195
391372,393747
388265,392594
388265,393495
388265,390184
388265,392885
388265,397652
388265,387752
388265,397078
388265,387634
388265,392195
388265,393747
386359,392594
386359,393495
386359,390184
386359,392885
386359,397652
386359,387752
386359,397078
386359,387634
386359,392195
386359,393747
392358,392594
392358,393495
392358,390184
392358,392885
392358,397652
392358,387752
392358,397078
392358,387634
392358,392195
392358,393747
386191,392594
386191,393495
386191,390184
386191,392885
386191,397652
386191,387752
386191,397078
386191,387634
386191,392195
386191,393747
394422,398134
394422,395606
394422,395693
394422,399697
394422,393939
394422,395716
394422,398218
394422,397596
394422,396224
394422,400165
390171,398134
390171,395606
390171,395693
390171,399697
390171,393939
390171,395716
390171,398218
390171,397596
390171,396224
390171,400165
396332,398134
396332,395606
396332,395693
396332,399697
396332,393939
396332,395716
396332,398218
396332,397596
396332,396224
396332,400165
394772,398134
394772,395606
394772,395693
394772,399697
394772,393939
394772,395716
394772,398218
394772,397596
394772,396224
394772,400165
392835,398134
392835,395606
392835,395693
392835,399697
392835,393939
392835,395716
392835,398218
392835,397596
392835,396224
392835,400165
394051,398134
394051,395606
394051,395693
394051,399697
394051,393939
394051,395716
394051,398218
394051,397596
394051,396224
394051,400165
393872,398134
393872,395606
393872,395693
393872,399697
393872,393939
393872,395716
393872,398218
393872,397596
393872,396224
393872,400165
394632,398134
394632,395606
394632,395693
394632,399697
394632,393939
394632,395716
394632,398218
394632,397596
394632,396224
394632,400165
390844,398134
390844,395606
390844,395693
390844,399697
390844,393939
390844,395716
390844,398218
390844,397596
390844,396224
390844,400165
393985,398134
393985,395606
393985,395693
393985,399697
393985,393939
393985,395716
393985,398218
393985,397596
393985,396224
393985,400165
1267531,1295246
1267531,1278627
1267531,1280731
1267531,1287027
1267531,1287738
1267531,1286004
1267531,1288469
1267531,1275152
1267531,1279659
1267531,1279621
1271335,1295246
1271335,1278627
1271335,1280731
1271335,1287027
1271335,1287738
1271335,1286004
1271335,1288469
1271335,1275152
1271335,1279659
1271335,1279621
1267224,1295246
1267224,1278627
1267224,1280731
1267224,1287027
1267224,1287738
1267224,1286004
1267224,1288469
1267224,1275152
1267224,1279659
1267224,1279621
1273123,1295246
1273123,1278627
1273123,1280731
1273123,1287027
1273123,1287738
1273123,1286004
1273123,1288469
1273123,1275152
1273123,1279659
1273123,1279621
1288412,1295246
1288412,1278627
1288412,1280731
1288412,1287027
1288412,1287738
1288412,1286004
1288412,1288469
1288412,1275152
1288412,1279659
1288412,1279621
1275145,1295246
1275145,1278627
1275145,1280731
1275145,1287027
1275145,1287738
1275145,1286004
1275145,1288469
1275145,1275152
1275145,1279659
1275145,1279621
1272048,1295246
1272048,1278627
1272048,1280731
1272048,1287027
1272048,1287738
1272048,1286004
1272048,1288469
1272048,1275152
1272048,1279659
1272048,1279621
1272023,1295246
1272023,1278627
1272023,1280731
1272023,1287027
1272023,1287738
1272023,1286004
1272023,1288469
1272023,1275152
1272023,1279659
1272023,1279621
1278858,1295246
1278858,1278627
1278858,1280731
1278858,1287027
1278858,1287738
1278858,1286004
1278858,1288469
1278858,1275152
1278858,1279659
1278858,1279621
1275623,1295246
1275623,1278627
1275623,1280731
1275623,1287027
1275623,1287738
1275623,1286004
1275623,1288469
1275623,1275152
1275623,1279659
1275623,1279621
1287009,1297045
1287009,1308049
1287009,1305085
1287009,1317500
1287009,1303080
1287009,1305326
1287009,1316062
1287009,1299887
1287009,1300489
1287009,1308898
1280702,1297045
1280702,1308049
1280702,1305085
1280702,1317500
1280702,1303080
1280702,1305326
1280702,1316062
1280702,1299887
1280702,1300489
1280702,1308898
1298715,1297045
1298715,1308049
1298715,1305085
1298715,1317500
1298715,1303080
1298715,1305326
1298715,1316062
1298715,1299887
1298715,1300489
1298715,1308898
1281593,1297045
1281593,1308049
1281593,1305085
1281593,1317500
1281593,1303080
1281593,1305326
1281593,1316062
1281593,1299887
1281593,1300489
1281593,1308898
1290412,1297045
1290412,1308049
1290412,1305085
1290412,1317500
1290412,1303080
1290412,1305326
1290412,1316062
1290412,1299887
1290412,1300489
1290412,1308898
1288742,1297045
1288742,1308049
1288742,1305085
1288742,1317500
1288742,1303080
1288742,1305326
1288742,1316062
1288742,1299887
1288742,1300489
1288742,1308898
1299154,1297045
1299154,1308049
1299154,1305085
1299154,1317500
1299154,1303080
1299154,1305326
1299154,1316062
1299154,1299887
1299154,1300489
1299154,1308898
1289755,1297045
1289755,1308049
1289755,1305085
1289755,1317500
1289755,1303080
1289755,1305326
1289755,1316062
1289755,1299887
1289755,1300489
1289755,1308898
1287503,1297045
1287503,1308049
1287503,1305085
1287503,1317500
1287503,1303080
1287503,1305326
1287503,1316062
1287503,1299887
1287503,1300489
1287503,1308898
1290741,1297045
1290741,1308049
1290741,1305085
1290741,1317500
1290741,1303080
1290741,1305326
1290741,1316062
1290741,1299887
1290741,1300489
1290741,1308898
1316155,1327805
1316155,1322223
1316155,1330035
1316155,1334227
1316155,1324981
1316155,1319628
1316155,1332756
1316155,1329891
1316155,1328825
1316155,1324483
1309246,1327805
1309246,1322223
1309246,1330035
1309246,1334227
1309246,1324981
1309246,1319628
1309246,1332756
1309246,1329891
1309246,1328825
1309246,1324483
1319077,1327805
1319077,1322223
1319077,1330035
1319077,1334227
1319077,1324981
1319077,1319628
1319077,1332756
1319077,1329891
1319077,1328825
1319077,1324483
1310751,1327805
1310751,1322223
1310751,1330035
1310751,1334227
1310751,1324981
1310751,1319628
1310751,1332756
1310751,1329891
1310751,1328825
1310751,1324483
1317078,1327805
1317078,1322223
1317078,1330035
1317078,1334227
1317078,1324981
1317078,1319628
1317078,1332756
1317078,1329891
1317078,1328825
1317078,1324483
1310438,1327805
1310438,1322223
1310438,1330035
1310438,1334227
1310438,1324981
1310438,1319628
1310438,1332756
1310438,1329891
1310438,1328825
1310438,1324483
1314819,1327805
1314819,1322223
1314819,1330035
1314819,1334227
1314819,1324981
1314819,1319628
1314819,1332756
1314819,1329891
1314819,1328825
1314819,1324483
1310010,1327805
1310010,1322223
1310010,1330035
1310010,1334227
1310010,1324981
1310010,1319628
1310010,1332756
1310010,1329891
1310010,1328825
1310010,1324483
1315664,1327805
1315664,1322223
1315664,1330035
1315664,1334227
1315664,1324981
1315664,1319628
1315664,1332756
1315664,1329891
1315664,1328825
1315664,1324483
1305957,1327805
1305957,1322223
1305957,1330035
1305957,1334227
1305957,1324981
1305957,1319628
1305957,1332756
1305957,1329891
1305957,1328825
1305957,1324483
1283823,1307861
1283823,1305476
1283823,1301387
1283823,1293209
1283823,1313646
1283823,1299925
1283823,1312464
1283823,1292766
1283823,1295204
1283823,1307777
1292703,1307861
1292703,1305476
1292703,1301387
1292703,1293209
1292703,1313646
1292703,1299925
1292703,1312464
1292703,1292766
1292703,1295204
1292703,1307777
1285583,1307861
1285583,1305476
1285583,1301387
1285583,1293209
1285583,1313646
1285583,1299925
1285583,1312464
1285583,1292766
1285583,1295204
1285583,1307777
1285493,1307861
1285493,1305476
1285493,1301387
1285493,1293209
1285493,1313646
1285493,1299925
1285493,1312464
1285493,1292766
1285493,1295204
1285493,1307777
1288618,1307861
1288618,1305476
1288618,1301387
1288618,1293209
1288618,1313646
1288618,1299925
1288618,1312464
1288618,1292766
1288618,1295204
1288618,1307777
1290546,1307861
1290546,1305476
1290546,1301387
1290546,1293209
1290546,1313646
1290546,1299925
1290546,1312464
1290546,1292766
1290546,1295204
1290546,1307777
1305268,1307861
1305268,1305476
1305268,1301387
1305268,1293209
1305268,1313646
1305268,1299925
1305268,1312464
1305268,1292766
1305268,1295204
1305268,1307777
1287595,1307861
1287595,1305476
1287595,1301387
1287595,1293209
1287595,1313646
1287595,1299925
1287595,1312464
1287595,1292766
1287595,1295204
1287595,1307777
1295236,1307861
1295236,1305476
1295236,1301387
1295236,1293209
1295236,1313646
1295236,1299925
1295236,1312464
1295236,1292766
1295236,1295204
1295236,1307777
1288761,1307861
1288761,1305476
1288761,1301387
1288761,1293209
1288761,1313646
1288761,1299925
1288761,1312464
1288761,1292766
1288761,1295204
1288761,1307777
1266017,1285381
1266017,1280228
1266017,1275604
1266017,1293855
1266017,1284530
1266017,1280409
1266017,1294490
1266017,1287159
1266017,1295259
1266017,1291889
1262896,1285381
1262896,1280228
1262896,1275604
1262896,1293855
1262896,1284530
1262896,1280409
1262896,1294490
1262896,1287159
1262896,1295259
1262896,1291889
1277795,1285381
1277795,1280228
1277795,1275604
1277795,1293855
1277795,1284530
1277795,1280409
1277795,1294490
1277795,1287159
1277795,1295259
1277795,1291889
1262382,1285381
1262382,1280228
1262382,1275604
1262382,1293855
1262382,1284530
1262382,1280409
1262382,1294490
1262382,1287159
1262382,1295259
1262382,1291889
1262593,1285381
1262593,1280228
1262593,1275604
1262593,1293855
1262593,1284530
1262593,1280409
1262593,1294490
1262593,1287159
1262593,1295259
1262593,1291889
1265006,1285381
1265006,1280228
1265006,1275604
1265006,1293855
1265006,1284530
1265006,1280409
1265006,1294490
1265006,1287159
1265006,1295259
1265006,1291889
1277550,1285381
1277550,1280228
1277550,1275604
1277550,1293855
1277550,1284530
1277550,1280409
1277550,1294490
1277550,1287159
1277550,1295259
1277550,1291889
1256693,1285381
1256693,1280228
1256693,1275604
1256693,1293855
1256693,1284530
1256693,1280409
1256693,1294490
1256693,1287159
1256693,1295259
1256693,1291889
1272574,1285381
1272574,1280228
1272574,1275604
1272574,1293855
1272574,1284530
1272574,1280409
1272574,1294490
1272574,1287159
1272574,1295259
1272574,1291889
1274886,1285381
1274886,1280228
1274886,1275604
1274886,1293855
1274886,1284530
1274886,1280409
1274886,1294490
1274886,1287159
1274886,1295259
1274886,1291889
1272185,1275492
1272185,1286889
1272185,1286619
1272185,1302289
1272185,1279581
1272185,1284156
1272185,1305801
1272185,1284275
1272185,1297952
1272185,1276432
1265859,1275492
1265859,1286889
1265859,1286619
1265859,1302289
1265859,1279581
1265859,1284156
1265859,1305801
1265859,1284275
1265859,1297952
1265859,1276432
1284817,1275492
1284817,1286889
1284817,1286619
1284817,1302289
1284817,1279581
1284817,1284156
1284817,1305801
1284817,1284275
1284817,1297952
1284817,1276432
1281484,1275492
1281484,1286889
1281484,1286619
1281484,1302289
1281484,1279581
1281484,1284156
1281484,1305801
1281484,1284275
1281484,1297952
1281484,1276432
1273784,1275492
1273784,1286889
1273784,1286619
1273784,1302289
1273784,1279581
1273784,1284156
1273784,1305801
1273784,1284275
1273784,1297952
1273784,1276432
1279079,1275492
1279079,1286889
1279079,1286619
1279079,1302289
1279079,1279581
1279079,1284156
1279079,1305801
1279079,1284275
1279079,1297952
1279079,1276432
1269006,1275492
1269006,1286889
1269006,1286619
1269006,1302289
1269006,1279581
1269006,1284156
1269006,1305801
1269006,1284275
1269006,1297952
1269006,1276432
1272813,1275492
1272813,1286889
1272813,1286619
1272813,1302289
1272813,1279581
1272813,1284156
1272813,1305801
1272813,1284275
1272813,1297952
1272813,1276432
1279680,1275492
1279680,1286889
1279680,1286619
1279680,1302289
1279680,1279581
1279680,1284156
1279680,1305801
1279680,1284275
1279680,1297952
1279680,1276432
1282096,1275492
1282096,1286889
1282096,1286619
1282096,1302289
1282096,1279581
1282096,1284156
1282096,1305801
1282096,1284275
1282096,1297952
1282096,1276432
1288531,1296931
1288531,1305390
1288531,1303012
1288531,1288471
1288531,1309258
1288531,1291246
1288531,1293940
1288531,1329607
1288531,1309061
1288531,1304652
1299505,1296931
1299505,1305390
1299505,1303012
1299505,1288471
1299505,1309258
1299505,1291246
1299505,1293940
1299505,1329607
1299505,1309061
1299505,1304652
1288489,1296931
1288489,1305390
1288489,1303012
1288489,1288471
1288489,1309258
1288489,1291246
1288489,1293940
1288489,1329607
1288489,1309061
1288489,1304652
1280582,1296931
1280582,1305390
1280582,1303012
1280582,1288471
1280582,1309258
1280582,1291246
1280582,1293940
1280582,1329607
1280582,1309061
1280582,1304652
1278594,1296931
1278594,1305390
1278594,1303012
1278594,1288471
1278594,1309258
1278594,1291246
1278594,1293940
1278594,1329607
1278594,1309061
1278594,1304652
1280836,1296931
1280836,1305390
1280836,1303012
1280836,1288471
1280836,1309258
1280836,1291246
1280836,1293940
1280836,1329607
1280836,1309061
1280836,1304652
1286685,1296931
1286685,1305390
1286685,1303012
1286685,1288471
1286685,1309258
1286685,1291246
1286685,1293940
1286685,1329607
1286685,1309061
1286685,1304652
1280662,1296931
1280662,1305390
1280662,1303012
1280662,1288471
1280662,1309258
1280662,1291246
1280662,1293940
1280662,1329607
1280662,1309061
1280662,1304652
1289304,1296931
1289304,1305390
1289304,1303012
1289304,1288471
1289304,1309258
1289304,1291246
1289304,1293940
1289304,1329607
1289304,1309061
1289304,1304652
1292240,1296931
1292240,1305390
1292240,1303012
1292240,1288471
1292240,1309258
1292240,1291246
1292240,1293940
1292240,1329607
1292240,1309061
1292240,1304652
1291548,1308941
1291548,1317534
1291548,1291865
1291548,1303689
1291548,1295568
1291548,1290977
1291548,1308549
1291548,1297236
1291548,1300692
1291548,1296786
1284870,1308941
1284870,1317534
1284870,1291865
1284870,1303689
1284870,1295568
1284870,1290977
1284870,1308549
1284870,1297236
1284870,1300692
1284870,1296786
1293532,1308941
1293532,1317534
1293532,1291865
1293532,1303689
1293532,1295568
1293532,1290977
1293532,1308549
1293532,1297236
1293532,1300692
1293532,1296786
1291432,1308941
1291432,1317534
1291432,1291865
1291432,1303689
1291432,1295568
1291432,1290977
1291432,1308549
1291432,1297236
1291432,1300692
1291432,1296786
1295420,1308941
1295420,1317534
1295420,1291865
1295420,1303689
1295420,1295568
1295420,1290977
1295420,1308549
1295420,1297236
1295420,1300692
1295420,1296786
1289962,1308941
1289962,1317534
1289962,1291865
1289962,1303689
1289962,1295568
1289962,1290977
1289962,1308549
1289962,1297236
1289962,1300692
1289962,1296786
1302420,1308941
1302420,1317534
1302420,1291865
1302420,1303689
1302420,1295568
1302420,1290977
1302420,1308549
1302420,1297236
1302420,1300692
1302420,1296786
1280042,1308941
1280042,1317534
1280042,1291865
1280042,1303689
1280042,1295568
1280042,1290977
1280042,1308549
1280042,1297236
1280042,1300692
1280042,1296786
1284538,1308941
1284538,1317534
1284538,1291865
1284538,1303689
1284538,1295568
1284538,1290977
1284538,1308549
1284538,1297236
1284538,1300692
1284538,1296786
1287885,1308941
1287885,1317534
1287885,1291865
1287885,1303689
1287885,1295568
1287885,1290977
1287885,1308549
1287885,1297236
1287885,1300692
1287885,1296786
1279273,1283174
1279273,1299883
1279273,1297369
1279273,1288032
1279273,1282290
1279273,1304820
1279273,1280754
1279273,1289920
1279273,1288966
1279273,1307570
1275515,1283174
1275515,1299883
1275515,1297369
1275515,1288032
1275515,1282290
1275515,1304820
1275515,1280754
1275515,1289920
1275515,1288966
1275515,1307570
1274720,1283174
1274720,1299883
1274720,1297369
1274720,1288032
1274720,1282290
1274720,1304820
1274720,1280754
1274720,1289920
1274720,1288966
1274720,1307570
1276819,1283174
1276819,1299883
1276819,1297369
1276819,1288032
1276819,1282290
1276819,1304820
1276819,1280754
1276819,1289920
1276819,1288966
1276819,1307570
1283675,1283174
1283675,1299883
1283675,1297369
1283675,1288032
1283675,1282290
1283675,1304820
1283675,1280754
1283675,1289920
1283675,1288966
1283675,1307570
1277721,1283174
1277721,1299883
1277721,1297369
1277721,1288032
1277721,1282290
1277721,1304820
1277721,1280754
1277721,1289920
1277721,1288966
1277721,1307570
1281896,1283174
1281896,1299883
1281896,1297369
1281896,1288032
1281896,1282290
1281896,1304820
1281896,1280754
1281896,1289920
1281896,1288966
1281896,1307570
1284021,1283174
1284021,1299883
1284021,1297369
1284021,1288032
1284021,1282290
1284021,1304820
1284021,1280754
1284021,1289920
1284021,1288966
1284021,1307570
1279858,1283174
1279858,1299883
1279858,1297369
1279858,1288032
1279858,1282290
1279858,1304820
1279858,1280754
1279858,1289920
1279858,1288966
1279858,1307570
1277763,1283174
1277763,1299883
1277763,1297369
1277763,1288032
1277763,1282290
1277763,1304820
1277763,1280754
1277763,1289920
1277763,1288966
1277763,1307570
1295165,1307161
1295165,1306139
1295165,1320055
1295165,1319618
1295165,1305964
1295165,1287564
1295165,1316603
1295165,1317431
1295165,1316691
1295165,1306969
1289203,1307161
1289203,1306139
1289203,1320055
1289203,1319618
1289203,1305964
1289203,1287564
1289203,1316603
1289203,1317431
1289203,1316691
1289203,1306969
1298980,1307161
1298980,1306139
1298980,1320055
1298980,1319618
1298980,1305964
1298980,1287564
1298980,1316603
1298980,1317431
1298980,1316691
1298980,1306969
1302519,1307161
1302519,1306139
1302519,1320055
1302519,1319618
1302519,1305964
1302519,1287564
1302519,1316603
1302519,1317431
1302519,1316691
1302519,1306969
1290395,1307161
1290395,1306139
1290395,1320055
1290395,1319618
1290395,1305964
1290395,1287564
1290395,1316603
1290395,1317431
1290395,1316691
1290395,1306969
1298150,1307161
1298150,1306139
1298150,1320055
1298150,1319618
1298150,1305964
1298150,1287564
1298150,1316603
1298150,1317431
1298150,1316691
1298150,1306969
1299763,1307161
1299763,1306139
1299763,1320055
1299763,1319618
1299763,1305964
1299763,1287564
1299763,1316603
1299763,1317431
1299763,1316691
1299763,1306969
1288125,1307161
1288125,1306139
1288125,1320055
1288125,1319618
1288125,1305964
1288125,1287564
1288125,1316603
1288125,1317431
1288125,1316691
1288125,1306969
1291919,1307161
1291919,1306139
1291919,1320055
1291919,1319618
1291919,1305964
1291919,1287564
1291919,1316603
1291919,1317431
1291919,1316691
1291919,1306969
1311236,1307161
1311236,1306139
1311236,1320055
1311236,1319618
1311236,1305964
1311236,1287564
1311236,1316603
1311236,1317431
1311236,1316691
1311236,1306969
