insert,transpose
129809,141464
128481,145981
129160,146531
132892,143488
129703,149339
130858,147321
131276,150873
130306,153272
130203,148381
131722,147890
123157,146103
121718,141182
123373,139695
120701,139896
123867,141998
124602,137285
122718,150135
123435,141185
122857,137521
121456,146111
121008,146727
121522,145845
120873,145975
119804,140706
120356,140418
123238,147558
123803,142635
119997,151035
119604,138326
121228,136661
123907,141547
125137,146863
125598,140598
126093,141798
126347,138862
123949,140532
124586,142693
125640,138263
125020,142724
124201,145418
122387,144371
121459,142540
124212,143638
121948,141437
121908,141419
122320,135835
121521,143980
120990,144904
123809,141583
121604,145043
124045,139195
124617,148522
123738,142984
123763,143919
123659,142194
124176,145094
123765,143966
124272,145446
124181,142489
123665,144611
128311,141150
126248,146662
128312,142805
126447,146493
126765,142394
127348,143512
127613,139556
127143,145949
128299,143218
125910,140524
125820,142229
126596,145100
128297,143602
125842,147974
127250,147076
128008,140726
125515,147506
126742,146231
127560,141314
126554,146967
125145,141612
126368,146887
124315,148591
126080,143276
125109,140214
125153,147208
125455,141907
125438,146353
125197,142171
125430,148156
127786,140138
128065,148689
127910,149303
127646,147254
126390,147715
127079,146613
128298,142481
128695,143452
128347,141367
128669,143830
380362,444262
379657,443285
378490,442402
377429,443219
381638,442438
383189,432834
380372,431962
379784,441124
379285,429786
378063,441625
385332,441091
387622,452433
386305,447410
389810,444209
389378,445504
389254,439688
390592,438666
386233,448912
387081,436515
385592,442517
381118,441698
386712,447901
382344,449161
386474,441800
381339,441178
385741,438571
393093,441222
386017,437594
378901,436728
382811,441251
385037,432967
387721,449911
387874,433110
385430,452957
389334,433442
386578,449415
386355,431470
382740,448175
387850,440663
387999,445114
382981,450567
383229,436125
383996,449571
382763,448397
384258,451182
381986,448578
381343,436406
384253,421585
384871,455086
380883,450794
387459,447951
383096,437126
387437,437845
387558,426795
381849,445167
386691,437460
384379,449468
385481,443249
384644,444732
389559,441660
394968,446210
391217,446762
387797,458471
385104,436232
386685,463694
393096,451669
396479,456487
387246,449253
391212,441173
386722,438787
402902,458767
402289,451152
398556,454730
399878,464769
404481,448667
402792,447938
402547,447811
399462,459570
397225,440218
397921,452832
388861,449977
391524,448695
387114,446304
391908,450717
387720,457002
391372,432040
388265,439538
386359,451354
392358,439283
386191,452207
394422,443927
390171,438421
396332,452872
394772,459770
392835,445279
394051,452180
393872,442807
394632,442386
390844,441497
393985,453827
1267531,1469081
1271335,1453668
1267224,1468132
1273123,1483792
1288412,1457923
1275145,1459429
1272048,1463916
1272023,1441012
1278858,1490285
1275623,1467016
1287009,1470313
1280702,1467939
1298715,1451226
1281593,1469075
1290412,1510171
1288742,1508173
1299154,1500714
1289755,1499547
1287503,1491198
1290741,1494914
1316155,1457533
1309246,1484390
1319077,1506831
1310751,1511774
1317078,1500027
1310438,1478632
1314819,1488685
1310010,1482727
1315664,1471079
1305957,1478224
1283823,1499442
1292703,1448406
1285583,1476594
1285493,1465585
1288618,1491741
1290546,1482318
1305268,1481456
1287595,1481646
1295236,1462984
1288761,1474505
1266017,1429793
1262896,1472526
1277795,1519301
1262382,1472263
1262593,1452798
1265006,1456681
1277550,1447148
1256693,1453772
1272574,1476853
1274886,1467684
1272185,1482264
1265859,1482260
1284817,1503252
1281484,1488309
1273784,1508144
1279079,1476631
1269006,1498550
1272813,1507397
1279680,1458210
1282096,1501236
1288531,1469867
1299505,1484739
1288489,1498926
1280582,1483472
1278594,1512244
1280836,1488460
1286685,1473101
1280662,1493467
1289304,1518364
1292240,1489348
1291548,1470419
1284870,1441048
1293532,1451586
1291432,1470781
1295420,1492090
1289962,1484118
1302420,1472832
1280042,1471948
1284538,1518034
1287885,1490892
1279273,1509483
1275515,1462798
1274720,1433990
1276819,1449942
1283675,1471877
1277721,1474431
1281896,1447943
1284021,1461395
1279858,1427843
1277763,1465517
1295165,1487021
1289203,1485322
1298980,1480931
1302519,1495969
1290395,1481819
1298150,1469375
1299763,1499342
1288125,1485759
1291919,1448405
1311236,1481417
